posted_on,rate_sqft,period
2024Q3,13668.798823529412,2024Q3
2024Q4,14088.452321316754,2024Q4
2025Q1,14487.940790587438,2025Q1
2025Q2,14375.326781100037,2025Q2
