posted_on,rate_sqft,period
2024,14058.987090614752,2024
2025,14452.533252089137,2025
